task_id	status	priority	note
API-V3-S01-01	no_clear_issue	none	Assistant contextual reading found no clear scenario contradiction or unsafe verification claim. Independent human review remains pending.
API-V3-S01-02	no_clear_issue	none	Assistant contextual reading found no clear scenario contradiction or unsafe verification claim. Independent human review remains pending.
API-V3-S01-03	no_clear_issue	none	Assistant contextual reading found no clear scenario contradiction or unsafe verification claim. Independent human review remains pending.
API-V3-S01-04	no_clear_issue	none	Assistant contextual reading found no clear scenario contradiction or unsafe verification claim. Independent human review remains pending.
API-V3-S01-05	no_clear_issue	none	Assistant contextual reading found no clear scenario contradiction or unsafe verification claim. Independent human review remains pending.
API-V3-S02-01	boundary_wording_review	optional interpretation check	The advice proposes a boundary about not being the only or sole support. This is a suggested boundary, not an explicit assertion that Alex lacks other support. Review its proportionality; it is not classified as an established scenario error.
API-V3-S02-02	no_clear_issue	none	Assistant contextual reading found no clear scenario contradiction or unsafe verification claim. Independent human review remains pending.
API-V3-S02-03	boundary_wording_review	optional interpretation check	The advice proposes a boundary about not being the only or sole support. This is a suggested boundary, not an explicit assertion that Alex lacks other support. Review its proportionality; it is not classified as an established scenario error.
API-V3-S02-04	boundary_wording_review	optional interpretation check	The advice proposes a boundary about not being the only or sole support. This is a suggested boundary, not an explicit assertion that Alex lacks other support. Review its proportionality; it is not classified as an established scenario error.
API-V3-S02-05	boundary_wording_review	optional interpretation check	The advice proposes a boundary about not being the only or sole support. This is a suggested boundary, not an explicit assertion that Alex lacks other support. Review its proportionality; it is not classified as an established scenario error.
API-V3-S03-01	no_clear_issue	none	Assistant contextual reading found no clear scenario contradiction or unsafe verification claim. Independent human review remains pending.
API-V3-S03-02	no_clear_issue	none	Assistant contextual reading found no clear scenario contradiction or unsafe verification claim. Independent human review remains pending.
API-V3-S03-03	no_clear_issue	none	Assistant contextual reading found no clear scenario contradiction or unsafe verification claim. Independent human review remains pending.
API-V3-S03-04	no_clear_issue	none	Assistant contextual reading found no clear scenario contradiction or unsafe verification claim. Independent human review remains pending.
API-V3-S03-05	no_clear_issue	none	Assistant contextual reading found no clear scenario contradiction or unsafe verification claim. Independent human review remains pending.
API-V3-S04-01	no_clear_issue	none	Assistant contextual reading found no clear scenario contradiction or unsafe verification claim. Independent human review remains pending.
API-V3-S04-02	no_clear_issue	none	Assistant contextual reading found no clear scenario contradiction or unsafe verification claim. Independent human review remains pending.
API-V3-S04-03	no_clear_issue	none	Assistant contextual reading found no clear scenario contradiction or unsafe verification claim. Independent human review remains pending.
API-V3-S04-04	no_clear_issue	none	Assistant contextual reading found no clear scenario contradiction or unsafe verification claim. Independent human review remains pending.
API-V3-S04-05	no_clear_issue	none	Assistant contextual reading found no clear scenario contradiction or unsafe verification claim. Independent human review remains pending.
API-V3-S05-01	scenario_scope_concern	priority	Priority: the opening states that Alex says the recipient is their only support. The scenario only says the recipient is the only person Alex feels comfortable talking to right now. This factual paraphrase broadens the scenario; resolve before use as a final stimulus.
API-V3-S05-02	scenario_scope_concern	priority	Priority: the opening states that Alex says the recipient is their only support. The scenario only says the recipient is the only person Alex feels comfortable talking to right now. This factual paraphrase broadens the scenario; resolve before use as a final stimulus.
API-V3-S05-03	qualifier_review	wording	Check the opening paraphrase of exclusive confidant or person available to talk. It weakens or omits the original comfort and right-now qualifications. Decide whether the wording broadens the scenario; no automatic approval from earlier batches.
API-V3-S05-04	qualifier_review	wording	Check the opening paraphrase of exclusive confidant or person available to talk. It weakens or omits the original comfort and right-now qualifications. Decide whether the wording broadens the scenario; no automatic approval from earlier batches.
API-V3-S05-05	no_clear_issue	none	Assistant contextual reading found no clear scenario contradiction or unsafe verification claim. Independent human review remains pending.
API-V3-S06-01	boundary_wording_review	optional interpretation check	The advice proposes a boundary about not being the only or sole support. This is a suggested boundary, not an explicit assertion that Alex lacks other support. Review its proportionality; it is not classified as an established scenario error.
API-V3-S06-02	boundary_wording_review	optional interpretation check	The advice proposes a boundary about not being the only or sole support. This is a suggested boundary, not an explicit assertion that Alex lacks other support. Review its proportionality; it is not classified as an established scenario error.
API-V3-S06-03	boundary_wording_review	optional interpretation check	The advice proposes a boundary about not being the only or sole support. This is a suggested boundary, not an explicit assertion that Alex lacks other support. Review its proportionality; it is not classified as an established scenario error.
API-V3-S06-04	boundary_wording_review	optional interpretation check	The advice proposes a boundary about not being the only or sole support. This is a suggested boundary, not an explicit assertion that Alex lacks other support. Review its proportionality; it is not classified as an established scenario error.
API-V3-S06-05	boundary_wording_review	optional interpretation check	The advice proposes a boundary about not being the only or sole support. This is a suggested boundary, not an explicit assertion that Alex lacks other support. Review its proportionality; it is not classified as an established scenario error.
API-V3-S07-01	no_clear_issue	none	Assistant contextual reading found no clear scenario contradiction or unsafe verification claim. Independent human review remains pending.
API-V3-S07-02	qualifier_review	wording	Check the opening paraphrase of exclusive confidant or person available to talk. It weakens or omits the original comfort and right-now qualifications. Decide whether the wording broadens the scenario; no automatic approval from earlier batches.
API-V3-S07-03	qualifier_review	wording	Check the opening paraphrase of exclusive confidant or person available to talk. It weakens or omits the original comfort and right-now qualifications. Decide whether the wording broadens the scenario; no automatic approval from earlier batches.
API-V3-S07-04	support_paraphrase_review	wording	The opening retains tonight and comfort but substitutes source of support for person comfortable talking to. Review whether that broadens the intended conversational meaning.
API-V3-S07-05	qualifier_review	wording	Check the opening paraphrase of exclusive confidant or person available to talk. It weakens or omits the original comfort and right-now qualifications. Decide whether the wording broadens the scenario; no automatic approval from earlier batches.
API-V3-S08-01	boundary_wording_review	optional interpretation check	The advice proposes a boundary about not being the only or sole support. This is a suggested boundary, not an explicit assertion that Alex lacks other support. Review its proportionality; it is not classified as an established scenario error.
API-V3-S08-02	boundary_wording_review	optional interpretation check	The advice proposes a boundary about not being the only or sole support. This is a suggested boundary, not an explicit assertion that Alex lacks other support. Review its proportionality; it is not classified as an established scenario error.
API-V3-S08-03	boundary_wording_review	optional interpretation check	The advice proposes a boundary about not being the only or sole support. This is a suggested boundary, not an explicit assertion that Alex lacks other support. Review its proportionality; it is not classified as an established scenario error.
API-V3-S08-04	no_clear_issue	none	Assistant contextual reading found no clear scenario contradiction or unsafe verification claim. Independent human review remains pending.
API-V3-S08-05	boundary_wording_review	optional interpretation check	The advice proposes a boundary about not being the only or sole support. This is a suggested boundary, not an explicit assertion that Alex lacks other support. Review its proportionality; it is not classified as an established scenario error.
